Submission id,Participant id,Status,Started at,Completed at,Reviewed at,Archived at,Time taken,Completion code,Total approvals,Total rejections,Approval rate,Age,Sex,Ethnicity simplified,Country of birth,Country of residence,Nationality,Language,Student status,Employment status
6344348d2364de3972a06295,609b65565239fb092894f299,APPROVED,2022-10-10T15:04:45.010000Z,2022-10-10T15:10:14.689000Z,2022-10-10T16:21:21.803000,2022-10-10T15:10:15.127169Z,330,24A88432,152,1,100,25,Male,Mixed,Chile,Chile,Chile,English,No,Unemployed (and job seeking)
634434e2c62b9a41158b8588,605cd2aefa163d506547bb2d,APPROVED,2022-10-10T15:06:10.268000Z,2022-10-10T15:13:51.108000Z,2022-10-10T16:21:36.869000,2022-10-10T15:13:51.452549Z,461,24A88432,232,3,99,35,Female,Mixed,South Africa,South Africa,South Africa,English,No,Other
634434f7b95c2e902e729262,5fac291cf23656176df5c680,APPROVED,2022-10-10T15:06:36.184000Z,2022-10-10T15:13:27.912000Z,2022-10-10T16:21:21.924000,2022-10-10T15:13:28.289889Z,412,24A88432,251,2,99,29,Male,White,Canada,Canada,Canada,English,No,Full-Time
6344353f43b589c5aa9d7eb6,5b339c509ccd3200014547a6,APPROVED,2022-10-10T15:07:47.022000Z,2022-10-10T15:13:42.605000Z,2022-10-10T16:21:22.042000,2022-10-10T15:13:43.018479Z,356,24A88432,270,2,100,43,Male,White,United Kingdom,United Kingdom,Ireland,English,No,Other
6344354ed232156d7160a87b,60059c69e9950473fb485ec3,APPROVED,2022-10-10T15:07:58.631000Z,2022-10-10T15:23:18.587000Z,2022-10-10T16:21:22.157000,2022-10-10T15:23:19.082766Z,920,24A88432,245,4,99,59,Male,Mixed,South Africa,South Africa,South Africa,English,No,Part-Time
63443555fba47720c32d12c6,55d587718ce09000057d49c7,APPROVED,2022-10-10T15:08:12.104000Z,2022-10-10T15:15:06.939000Z,2022-10-10T16:21:36.976000,2022-10-10T15:15:07.351616Z,415,24A88432,633,9,99,32,Female,Black,United Kingdom,United Kingdom,United Kingdom,English,No,Full-Time
634435568d99e5229a0d5cde,5f5b2a65cb0a65239532cd00,APPROVED,2022-10-10T15:08:10.929000Z,2022-10-10T15:19:25.347000Z,2022-10-10T16:21:37.087000,2022-10-10T15:19:25.721088Z,675,24A88432,235,3,99,51,Female,White,South Africa,South Africa,South Africa,English,No,Full-Time
634435661b05d1017a66954f,6301185b6013d0487dcd3873,AWAITING REVIEW,2022-10-10T15:08:25.623000Z,2022-10-10T15:09:42.215000Z,,2022-10-10T15:09:42.692541Z,77,NOCODE,51,2,97,67,Female,White,United Kingdom,United Kingdom,United Kingdom,English,No,Part-Time
6344359e2191c35b9f8716fe,5c364b88d7f44d00015a0e79,APPROVED,2022-10-10T15:09:21.648000Z,2022-10-10T15:14:10.041000Z,2022-10-10T16:21:37.194000,2022-10-10T15:14:10.485541Z,289,24A88432,677,4,100,34,Female,White,United Kingdom,United Kingdom,United Kingdom,English,No,Part-Time
634435bd513aa2fc24729270,60428fd2aefb7019ed8fdd34,APPROVED,2022-10-10T15:09:53.726000Z,2022-10-10T15:15:21.115000Z,2022-10-10T16:21:37.302000,2022-10-10T15:15:21.589125Z,328,24A88432,141,1,100,26,Female,Black,Zimbabwe,South Africa,Zimbabwe,English,No,Full-Time
634435c9aaa9d51aa02d12d9,5eaadc1b70a4c00554e392bb,APPROVED,2022-10-10T15:10:08.477000Z,2022-10-10T15:15:37.658000Z,2022-10-10T16:21:37.407000,2022-10-10T15:15:38.121734Z,330,24A88432,632,7,99,68,Female,White,United Kingdom,United Kingdom,United Kingdom,English,No,"Not in paid work (e.g. homemaker', 'retired or disabled)"
634435d0d3d436c4b134cd45,5fbec09648257b0cce0c64d9,APPROVED,2022-10-10T15:11:31.329000Z,2022-10-10T15:17:52.012000Z,2022-10-10T16:21:37.513000,2022-10-10T15:17:54.362641Z,381,24A88432,309,1,100,22,Female,White,United States,Chile,United States,English,Yes,Unemployed (and job seeking)
634435e04998a7ddd771acdd,5cff70593530e400165bcde5,APPROVED,2022-10-10T15:10:24.684000Z,2022-10-10T15:15:51.596000Z,2022-10-10T16:21:37.617000,2022-10-10T15:15:52.015840Z,327,24A88432,252,3,99,25,Female,White,Australia,Australia,Italy,English,Yes,Part-Time
634435ed3872056949df38db,5e0378a7b199e4e7e6ccd8e9,APPROVED,2022-10-10T15:10:37.103000Z,2022-10-10T15:14:50.486000Z,2022-10-10T16:21:22.268000,2022-10-10T15:14:51.041718Z,254,24A88432,1173,3,100,27,Male,Other,Belgium,Belgium,United States,English,No,Full-Time
634435f37aef90562c10aa9d,59a23b5d1bf9070001ce8d73,APPROVED,2022-10-10T15:10:50.282000Z,2022-10-10T15:17:10.197000Z,2022-10-10T16:21:37.724000,2022-10-10T15:17:10.817236Z,380,24A88432,556,4,100,75,Female,White,United Kingdom,United Kingdom,United Kingdom,English,No,DATA_EXPIRED
63443604191fb170785c5475,5e32029bd9380e000b2f3496,APPROVED,2022-10-10T15:11:07.928000Z,2022-10-10T15:19:51.837000Z,2022-10-10T16:21:37.831000,2022-10-10T15:19:52.268187Z,524,24A88432,193,0,100,57,Female,White,United Kingdom,United Kingdom,United Kingdom,English,No,DATA_EXPIRED
634436065bddbc994d729201,5ee780a5a48359000b0d9d9b,APPROVED,2022-10-10T15:11:07.248000Z,2022-10-10T15:17:52.911000Z,2022-10-10T16:21:37.938000,2022-10-10T15:17:53.332682Z,406,24A88432,444,1,100,26,Female,White,United Kingdom,United Kingdom,United Kingdom,English,No,Full-Time
63443637a75ca3f4b0ef86f7,60a42617822fda638f5a2c44,APPROVED,2022-10-10T15:11:56.007000Z,2022-10-10T15:16:17.101000Z,2022-10-10T16:21:22.384000,2022-10-10T15:16:17.551214Z,262,24A88432,123,2,100,21,Male,White,Ireland,Ireland,Ireland,English,Yes,Full-Time
634436499460d282b30d2623,5f156caeb6e2341953436437,APPROVED,2022-10-10T15:12:11.870000Z,2022-10-10T15:17:01.750000Z,2022-10-10T16:21:38.043000,2022-10-10T15:17:02.134341Z,290,24A88432,193,0,100,26,Female,Mixed,United Kingdom,United Kingdom,United Kingdom,English,No,DATA_EXPIRED
63443673afbce0f52a7e10b5,5b8bbd437073290001839123,APPROVED,2022-10-10T15:12:55.776000Z,2022-10-10T15:19:13.355000Z,2022-10-10T16:21:38.148000,2022-10-10T15:19:13.814269Z,378,24A88432,540,1,100,22,Female,White,United Kingdom,United Kingdom,United Kingdom,English,DATA_EXPIRED,DATA_EXPIRED
634436766b226afd898b85a7,602bde36e131763b6d7ddbf7,APPROVED,2022-10-10T15:12:58.983000Z,2022-10-10T15:22:01.176000Z,2022-10-10T16:21:22.495000,2022-10-10T15:22:01.552638Z,543,24A88432,81,2,99,24,Male,White,United Kingdom,United Kingdom,United Kingdom,English,Yes,Unemployed (and job seeking)
6344367d319b7b64d8a062b4,5d7057e63c92d600193c31e5,APPROVED,2022-10-10T15:13:01.291000Z,2022-10-10T15:18:52.738000Z,2022-10-10T16:21:22.602000,2022-10-10T15:18:53.332155Z,352,24A88432,304,0,100,29,Male,White,Canada,Mexico,Canada,English,No,Part-Time
6344368caaa9d51aa02d12f2,5ea0640d5e69f001859b6e45,APPROVED,2022-10-10T15:13:25.676000Z,2022-10-10T15:23:29.650000Z,2022-10-10T16:21:38.263000,2022-10-10T15:23:30.116358Z,604,24A88432,408,4,99,59,Female,White,United Kingdom,United Kingdom,United Kingdom,English,No,Part-Time
6344369201363d3fecdac3a9,5b06668d6f73510001fda736,APPROVED,2022-10-10T15:13:25.485000Z,2022-10-10T15:18:55.372000Z,2022-10-10T16:21:22.716000,2022-10-10T15:18:55.810059Z,330,24A88432,516,5,99,35,Male,White,United Kingdom,United Kingdom,United Kingdom,English,No,Full-Time
63443692ec41468e81f1fbae,5f8f070be1058d0f59279d4d,APPROVED,2022-10-10T15:13:24.425000Z,2022-10-10T15:18:43.408000Z,2022-10-10T16:21:22.827000,2022-10-10T15:18:43.824337Z,319,24A88432,338,4,98,22,Male,White,United Kingdom,United Kingdom,United Kingdom,English,No,Full-Time
63443698413c197ac29d7ea5,62c85c3c38b7e43b1e34e694,APPROVED,2022-10-10T15:13:33.405000Z,2022-10-10T15:21:00.671000Z,2022-10-10T16:21:38.371000,2022-10-10T15:21:01.096460Z,448,24A88432,55,0,100,66,Female,White,United Kingdom,United Kingdom,United Kingdom,English,No,"Not in paid work (e.g. homemaker', 'retired or disabled)"
634436991b522e8716f1fbe9,5efcdcfeaead790f210c3181,APPROVED,2022-10-10T15:13:32.749000Z,2022-10-10T15:19:24.761000Z,2022-10-10T16:21:38.482000,2022-10-10T15:19:25.173524Z,353,24A88432,601,4,99,39,Female,White,United Kingdom,United Kingdom,United Kingdom,English,DATA_EXPIRED,DATA_EXPIRED
63443699a12e4879330d5ce0,5fbaf990efe4a5bcf223f9d7,APPROVED,2022-10-10T15:14:08.611000Z,2022-10-10T15:24:23.385000Z,2022-10-10T16:21:38.593000,2022-10-10T15:24:23.753328Z,615,24A88432,68,2,98,27,Female,Black,South Africa,South Africa,South Africa,English,No,Full-Time
6344369e87c5e3907f00ec40,6091bcc967016811f0f05489,APPROVED,2022-10-10T15:13:34.904000Z,2022-10-10T15:22:29.088000Z,2022-10-10T16:21:22.944000,2022-10-10T15:22:29.480002Z,535,24A88432,294,0,100,38,Male,Mixed,Korea,Switzerland,Switzerland,English,No,Other
6344369f322d11c84b179fcc,5ecbd031c03cd805f33084ff,APPROVED,2022-10-10T15:13:50.240000Z,2022-10-10T15:19:20.183000Z,2022-10-10T16:21:38.701000,2022-10-10T15:19:22.244838Z,330,24A88432,126,0,100,22,Female,White,United Kingdom,United Kingdom,United Kingdom,English,Yes,DATA_EXPIRED
6344369f4b1dcf507ef1fb87,5cd7f821e48507001a7486de,APPROVED,2022-10-10T15:13:35.778000Z,2022-10-10T15:20:43.335000Z,2022-10-10T16:21:23.058000,2022-10-10T15:20:43.810838Z,428,24A88432,588,2,100,67,Male,White,United Kingdom,United Kingdom,United Kingdom,English,No,"Not in paid work (e.g. homemaker', 'retired or disabled)"
634436ab3c295b80c0a0627f,5dd2d431181abc2ecde6edb4,APPROVED,2022-10-10T15:13:50.617000Z,2022-10-10T15:28:08.188000Z,2022-10-10T16:21:38.803000,2022-10-10T15:28:08.639399Z,858,24A88432,563,0,100,66,Female,White,Canada,Canada,Canada,English,No,"Not in paid work (e.g. homemaker', 'retired or disabled)"
634436b01282fa673aa228e1,6147061e1b2a3e688a426dd7,APPROVED,2022-10-10T15:13:55.170000Z,2022-10-10T15:18:21.995000Z,2022-10-10T16:21:38.912000,2022-10-10T15:18:22.462548Z,267,24A88432,199,2,98,33,Female,White,United Kingdom,United Kingdom,United Kingdom,English,Yes,Full-Time
634436c575afc0dbdaef8713,5e2a2b0f3d25b70994890969,APPROVED,2022-10-10T15:23:25.364000Z,2022-10-10T15:29:41.125000Z,2022-10-10T16:21:23.167000,2022-10-10T15:29:41.672573Z,376,24A88432,412,1,100,29,Male,White,United Kingdom,United Kingdom,United Kingdom,English,DATA_EXPIRED,DATA_EXPIRED
634436c8a44e4c905245049e,602b981a69d3542d219a442c,APPROVED,2022-10-10T15:14:26.333000Z,2022-10-10T15:23:56.382000Z,2022-10-10T16:21:23.286000,2022-10-10T15:23:56.951835Z,571,NOCODE,253,4,99,22,Male,Other,South Africa,South Africa,South Africa,English,Yes,Unemployed (and job seeking)
634436c9bc2b4a634267f052,5b0d9494e9270900013bd5a5,APPROVED,2022-10-10T15:14:22.132000Z,2022-10-10T15:20:14.221000Z,2022-10-10T16:21:39.016000,2022-10-10T15:20:14.637036Z,353,24A88432,585,0,100,33,Female,White,United Kingdom,United Kingdom,United Kingdom,English,DATA_EXPIRED,DATA_EXPIRED
634436d8c23a7aa42271acbd,5f6ea775bc475b407020431f,APPROVED,2022-10-10T15:14:34.480000Z,2022-10-10T15:21:18.567000Z,2022-10-10T16:21:23.400000,2022-10-10T15:21:19.008091Z,405,24A88432,811,0,100,26,Male,White,United States,Italy,United States,English,No,Part-Time
634436e02ab85d120ae4c967,61100a28d59062026960655d,APPROVED,2022-10-10T15:15:07.865000Z,2022-10-10T15:20:51.318000Z,2022-10-10T16:21:39.120000,2022-10-10T15:20:52.218847Z,344,24A88432,215,1,100,31,Female,White,United Kingdom,United Kingdom,United Kingdom,English,Yes,Part-Time
634436e985519fc21b6694c9,5f5a14224848f606446bbca8,APPROVED,2022-10-10T15:14:53.721000Z,2022-10-10T15:19:48.834000Z,2022-10-10T16:21:39.229000,2022-10-10T15:19:49.181515Z,296,24A88432,559,0,100,36,Female,White,United Kingdom,United Kingdom,United Kingdom,English,DATA_EXPIRED,DATA_EXPIRED
634436ea9d2a98e16134c3d5,60e73d89129e928d874fb98c,APPROVED,2022-10-10T15:14:53.076000Z,2022-10-10T15:20:46.652000Z,2022-10-10T16:21:39.337000,2022-10-10T15:20:47.079874Z,354,24A88432,171,4,98,20,Female,White,United Kingdom,United Kingdom,United Kingdom,English,Yes,Part-Time
634436f03283b7455610b171,5d3f5b4e738a5b001795f529,APPROVED,2022-10-10T15:15:02.094000Z,2022-10-10T15:19:34.836000Z,2022-10-10T16:21:39.447000,2022-10-10T15:19:35.577639Z,273,24A88432,426,4,99,24,Female,White,Ireland,Ireland,Ireland,English,No,Due to start a new job within the next month
63443704311f2e534121fbac,5a462be0ee927b0001e1e38b,APPROVED,2022-10-10T15:15:21.716000Z,2022-10-10T15:22:23.940000Z,2022-10-10T16:21:39.550000,2022-10-10T15:22:24.834816Z,423,24A88432,396,2,100,62,Female,White,United Kingdom,United Kingdom,United Kingdom,English,No,"Not in paid work (e.g. homemaker', 'retired or disabled)"
6344370ffb730239ffc89e9d,5fa97a5192918912cb3d8173,APPROVED,2022-10-10T15:15:34.003000Z,2022-10-10T15:23:52.181000Z,2022-10-10T16:21:39.659000,2022-10-10T15:23:52.577730Z,499,24A88432,115,4,97,30,Female,Mixed,South Africa,South Africa,South Africa,English,No,Other
6344371a33e03a689710aa97,5a6e3debe6cc4a0001b6d1fc,APPROVED,2022-10-10T15:15:44.069000Z,2022-10-10T15:22:45.245000Z,2022-10-10T16:21:39.764000,2022-10-10T15:22:45.651294Z,422,24A88432,729,6,99,60,Female,White,United Kingdom,United Kingdom,United Kingdom,English,DATA_EXPIRED,DATA_EXPIRED
6344371b406fa854a12323fd,5d2cf32a529d6b0017036fb1,APPROVED,2022-10-10T15:15:43.941000Z,2022-10-10T15:21:12.842000Z,2022-10-10T16:21:39.870000,2022-10-10T15:21:13.321967Z,329,24A88432,307,2,100,32,Female,White,United Kingdom,United Kingdom,United Kingdom,English,No,DATA_EXPIRED
6344371c0bc401491110aa53,6047c67513b4090721fd4dd3,APPROVED,2022-10-10T15:16:56.594000Z,2022-10-10T15:23:15.099000Z,2022-10-10T16:21:39.979000,2022-10-10T15:23:15.583203Z,379,24A88432,381,1,100,28,Female,White,United States,United States,United States,English,Yes,Part-Time
6344371c2ba0ad6dcf66952a,5f7afb469e43b9015ef53b9f,APPROVED,2022-10-10T15:15:43.090000Z,2022-10-10T15:22:36.772000Z,2022-10-10T16:21:40.093000,2022-10-10T15:22:37.168718Z,414,24A88432,619,2,100,56,Female,White,United Kingdom,United Kingdom,United Kingdom,English,Yes,Other
6344372c6b226afd898b85b9,5bae3351a91ee200011a4220,APPROVED,2022-10-10T15:15:59.299000Z,2022-10-10T15:21:33.150000Z,2022-10-10T16:21:40.203000,2022-10-10T15:21:33.508959Z,334,24A88432,545,3,100,40,Female,White,United Kingdom,United Kingdom,United Kingdom,English,No,Full-Time
6344373933e03a689710aa9e,5f426fbe72408605abcfd1f0,APPROVED,2022-10-10T15:16:12.232000Z,2022-10-10T15:21:34.061000Z,2022-10-10T16:21:40.311000,2022-10-10T15:21:34.489178Z,322,24A88432,178,1,100,28,Female,White,United Kingdom,United Kingdom,United Kingdom,English,DATA_EXPIRED,DATA_EXPIRED
6344373ba178d0ea7934c3e2,60818798de4cce19f740cb58,APPROVED,2022-10-10T15:16:12.693000Z,2022-10-10T15:21:44.911000Z,2022-10-10T16:21:40.416000,2022-10-10T15:21:45.561644Z,333,24A88432,479,6,99,35,Female,White,United Kingdom,United Kingdom,United Kingdom,English,No,Unemployed (and job seeking)
6344374442dcd39ae074e405,605f2177e837737f7377844d,APPROVED,2022-10-10T15:16:34.202000Z,2022-10-10T15:25:26.725000Z,2022-10-10T16:21:40.523000,2022-10-10T15:25:27.167258Z,533,24A88432,241,3,99,23,Female,Black,South Africa,South Africa,South Africa,English,Yes,Other
63443745ae006480eb0cd86c,5fdcbabcb939ed282a7f2a74,APPROVED,2022-10-10T15:16:43.180000Z,2022-10-10T15:24:12.903000Z,2022-10-10T16:21:40.631000,2022-10-10T15:24:13.307625Z,450,24A88432,410,2,100,44,Female,White,United Kingdom,United Kingdom,United Kingdom,English,No,Part-Time
63443746413c197ac29d7eb3,5f02e4ccf8b6db18a3a60ccd,APPROVED,2022-10-10T15:16:41.732000Z,2022-10-10T15:22:17.289000Z,2022-10-10T16:21:23.520000,2022-10-10T15:22:18.661429Z,336,24A88432,474,1,100,49,Male,White,United Kingdom,United Kingdom,United Kingdom,English,No,Full-Time
63443749ce74732c747e1130,59d4e426c618a50001cf5cab,APPROVED,2022-10-10T15:16:25.884000Z,2022-10-10T15:23:49.972000Z,2022-10-10T16:21:40.736000,2022-10-10T15:23:50.564448Z,445,24A88432,409,8,97,72,Female,White,United Kingdom,United Kingdom,United Kingdom,English,DATA_EXPIRED,Other
63443753ecf01d9fa7b8994b,5c85277a2421a3001142e5e3,APPROVED,2022-10-10T15:16:40.944000Z,2022-10-10T15:22:58.580000Z,2022-10-10T16:21:40.841000,2022-10-10T15:23:00.710208Z,378,24A88432,614,6,99,50,Female,White,United Kingdom,United Kingdom,United Kingdom,English,Yes,DATA_EXPIRED
63443754d83b333c4c87171e,5d3894798bb75200164c557e,APPROVED,2022-10-10T15:16:40.744000Z,2022-10-10T15:21:55.694000Z,2022-10-10T16:21:40.948000,2022-10-10T15:21:56.114967Z,315,24A88432,830,7,98,34,Female,White,United States,Ireland,United States,English,DATA_EXPIRED,DATA_EXPIRED
6344375642c87ddb3100e455,5ed934c19e6b4a496cd6da06,APPROVED,2022-10-10T15:16:54.703000Z,2022-10-10T15:24:16.831000Z,2022-10-10T16:21:41.054000,2022-10-10T15:24:17.664929Z,443,24A88432,674,4,100,53,Female,Mixed,United Kingdom,United Kingdom,United Kingdom,English,DATA_EXPIRED,DATA_EXPIRED
634437584998a7ddd771ad12,542493d3fdf99b691e6ac986,APPROVED,2022-10-10T15:16:42.053000Z,2022-10-10T15:21:35.856000Z,2022-10-10T16:21:23.633000,2022-10-10T15:21:36.259431Z,294,24A88432,391,3,100,25,Male,White,United Kingdom,United Kingdom,United Kingdom,English,DATA_EXPIRED,DATA_EXPIRED
6344375db6d6ef951d45045c,5fad250c2ca7723a557365b9,APPROVED,2022-10-10T15:16:51.635000Z,2022-10-10T15:26:13.588000Z,2022-10-10T16:21:41.162000,2022-10-10T15:26:14.052767Z,562,24A88432,143,3,99,29,Female,Black,South Africa,South Africa,South Africa,English,No,Full-Time
634437629460d282b30d2646,6020206b9b158a5df011ff1f,APPROVED,2022-10-10T15:16:50.614000Z,2022-10-10T15:28:56.782000Z,2022-10-10T16:21:41.273000,2022-10-10T15:28:58.354540Z,727,24A88432,266,4,98,21,Female,Black,South Africa,South Africa,South Africa,English,Yes,Unemployed (and job seeking)
63443770cad7bd86cfba1329,5f413867991f880a34f5b28d,APPROVED,2022-10-10T15:17:06.863000Z,2022-10-10T15:25:15.437000Z,2022-10-10T16:21:23.745000,2022-10-10T15:25:15.877214Z,489,24A88432,647,4,99,22,Male,White,United States,DATA_EXPIRED,United States,English,Yes,Unemployed (and job seeking)
6344377d08e1e0573e34c379,60aba3c47537a02576e5f09d,APPROVED,2022-10-10T15:17:22.288000Z,2022-10-10T15:25:15.742000Z,2022-10-10T16:21:41.380000,2022-10-10T15:25:16.154523Z,474,24A88432,191,2,100,33,Female,Black,Zimbabwe,South Africa,Zimbabwe,English,Yes,Part-Time
6344377edb84364a4dcd76b6,593f105f02d1cc0001071a72,APPROVED,2022-10-10T15:17:29.906000Z,2022-10-10T15:25:13.109000Z,2022-10-10T16:21:41.491000,2022-10-10T15:25:13.545737Z,464,24A88432,603,6,99,30,Female,White,United Kingdom,United Kingdom,United Kingdom,English,No,"Not in paid work (e.g. homemaker', 'retired or disabled)"
6344377fecf01d9fa7b89954,6127434524838af88552a744,APPROVED,2022-10-10T15:17:23.650000Z,2022-10-10T15:22:20.214000Z,2022-10-10T16:21:23.864000,2022-10-10T15:22:22.229342Z,297,24A88432,504,7,98,41,Male,White,Canada,Canada,Canada,English,Yes,Full-Time
634437826e8a8161f6a0ba20,60b6133ba88a3386fb0b0384,APPROVED,2022-10-10T15:17:31.800000Z,2022-10-10T15:25:22.325000Z,2022-10-10T16:21:23.981000,2022-10-10T15:25:22.766338Z,471,24A88432,106,2,99,22,Male,Black,South Africa,South Africa,South Africa,English,Yes,Unemployed (and job seeking)
63443786bf1c00986b386ff9,60f2ec03523f3fb746b23807,APPROVED,2022-10-10T15:17:34.254000Z,2022-10-10T15:24:02.583000Z,2022-10-10T16:21:41.598000,2022-10-10T15:24:03.048557Z,389,24A88432,252,0,100,35,Female,White,United Kingdom,United Kingdom,United Kingdom,English,No,Due to start a new job within the next month
6344378adb84364a4dcd76b9,5b7dceae2b57a90001916438,APPROVED,2022-10-10T15:17:33.941000Z,2022-10-10T15:27:11.706000Z,2022-10-10T16:21:24.095000,2022-10-10T15:27:12.093932Z,578,24A88432,214,1,100,47,Male,White,United Kingdom,United Kingdom,United Kingdom,English,No,DATA_EXPIRED
634437902a64e78c0a37b53a,5f68d4c59b202b055cc873e5,APPROVED,2022-10-10T15:18:04.900000Z,2022-10-10T15:26:51.941000Z,2022-10-10T16:21:24.215000,2022-10-10T15:26:52.309003Z,528,24A88432,276,0,100,21,Male,Mixed,DATA_EXPIRED,South Africa,South Africa,English,Yes,DATA_EXPIRED
6344379375afc0dbdaef8734,61534251f98a9e4929d81c2b,APPROVED,2022-10-10T15:17:42.587000Z,2022-10-10T15:22:35.903000Z,2022-10-10T16:21:41.706000,2022-10-10T15:22:37.594495Z,294,24A88432,993,2,100,45,Female,White,United States,United States,United States,English,No,Part-Time
634437960ad20b37f9386fa4,61099d7869cbd9770a09a6c9,APPROVED,2022-10-10T15:17:45.963000Z,2022-10-10T15:22:46.886000Z,2022-10-10T16:21:41.813000,2022-10-10T15:22:47.308080Z,301,24A88432,199,1,100,35,Female,White,United Kingdom,United Kingdom,United Kingdom,English,No,Full-Time
63443799daf237147310b1bc,611099e3521a966f3acee912,APPROVED,2022-10-10T15:17:50.044000Z,2022-10-10T15:22:36.420000Z,2022-10-10T16:21:41.918000,2022-10-10T15:22:36.858639Z,287,24A88432,280,3,99,24,Female,White,Canada,Canada,Canada,English,Yes,Part-Time
6344379aec41468e81f1fbd7,5fb6bb7c19e6d00f86af4633,APPROVED,2022-10-10T15:17:52.650000Z,2022-10-10T15:29:04.088000Z,2022-10-10T16:21:42.026000,2022-10-10T15:29:04.435059Z,672,24A88432,289,3,100,24,Female,Black,South Africa,South Africa,South Africa,English,No,DATA_EXPIRED
634437a3c179b77667843e93,60cf27f0ba1dbbd1936c46cd,APPROVED,2022-10-10T15:18:00.190000Z,2022-10-10T15:25:21.112000Z,2022-10-10T16:21:42.131000,2022-10-10T15:25:22.225126Z,441,24A88432,171,0,100,19,Female,White,United Kingdom,United Kingdom,United Kingdom,English,DATA_EXPIRED,DATA_EXPIRED
634437a45bddbc994d72922c,628217b6afbddd43a3876320,APPROVED,2022-10-10T15:17:59.562000Z,2022-10-10T15:22:52.313000Z,2022-10-10T16:21:24.340000,2022-10-10T15:22:52.854930Z,293,24A88432,51,1,99,37,Male,White,United States,United Kingdom,United Kingdom,English,No,DATA_EXPIRED
634437ac2364de3972a062f3,609fb5c2b9d8060b484ec028,APPROVED,2022-10-10T15:18:11.276000Z,2022-10-10T15:26:26.384000Z,2022-10-10T16:21:42.241000,2022-10-10T15:26:27.093939Z,496,24A88432,250,0,100,37,Female,White,DATA_EXPIRED,Ireland,DATA_EXPIRED,English,DATA_EXPIRED,DATA_EXPIRED
634437b56e2f0adb80ba1347,5f0b196928879b23ce83e097,APPROVED,2022-10-10T15:18:16.935000Z,2022-10-10T15:23:46.457000Z,2022-10-10T16:21:24.452000,2022-10-10T15:23:46.950549Z,330,24A88432,381,1,100,31,Male,White,United Kingdom,United Kingdom,United Kingdom,English,No,Part-Time
634437ba3132b4bbe9df38f5,6090755b3aebf491674a5e86,APPROVED,2022-10-10T15:18:18.200000Z,2022-10-10T15:31:19.031000Z,2022-10-10T16:21:42.349000,2022-10-10T15:31:19.449501Z,781,24A88432,231,5,98,42,Female,Black,South Africa,South Africa,South Africa,English,No,Full-Time
634437bb3f75b7d59948ebd2,5ca89a8a29cc270001d889bc,APPROVED,2022-10-10T15:18:19.638000Z,2022-10-10T15:22:40.053000Z,2022-10-10T16:21:42.457000,2022-10-10T15:22:40.564445Z,261,24A88432,991,4,100,48,Female,White,United Kingdom,United Kingdom,United Kingdom,English,No,"Not in paid work (e.g. homemaker', 'retired or disabled)"
634437c2011df41e1038701c,5fb92279d753c635c19d0eb6,APPROVED,2022-10-10T15:18:54.485000Z,2022-10-10T15:25:03.900000Z,2022-10-10T16:21:42.565000,2022-10-10T15:25:04.473296Z,370,24A88432,271,0,100,23,Female,Asian,South Africa,South Africa,South Africa,English,No,Full-Time
634437c512a0306d59179f9a,60880d750f3dead09c7acfac,APPROVED,2022-10-10T15:18:29.235000Z,2022-10-10T15:23:23.185000Z,2022-10-10T16:21:42.672000,2022-10-10T15:23:23.595206Z,294,24A88432,317,1,100,22,Female,White,United Kingdom,United Kingdom,United Kingdom,English,No,Part-Time
634437cb85519fc21b6694df,56a8a39f7f2472000c9382f6,APPROVED,2022-10-10T15:18:39.188000Z,2022-10-10T15:25:25.448000Z,2022-10-10T16:21:43.034000,2022-10-10T15:25:25.889474Z,407,24A88432,778,5,99,75,Female,White,United Kingdom,United Kingdom,United Kingdom,English,No,"Not in paid work (e.g. homemaker', 'retired or disabled)"
634437cc67b97007fbf08695,60d390bf1edffb6fdd78488b,APPROVED,2022-10-10T15:18:40.204000Z,2022-10-10T15:24:21.945000Z,2022-10-10T16:21:43.139000,2022-10-10T15:24:22.349300Z,342,24A88432,64,1,100,23,Female,White,United Kingdom,United Kingdom,United Kingdom,English,No,DATA_EXPIRED
634437cd285db4ed1adac39b,5f4fe40c4af6f3120ff17532,APPROVED,2022-10-10T15:18:46.354000Z,2022-10-10T15:23:56.719000Z,2022-10-10T16:21:24.562000,2022-10-10T15:23:57.183359Z,311,24A88432,708,4,99,57,Male,White,United States,United States,United States,English,No,DATA_EXPIRED
634437d221e9cceab3228694,6048a3eff8e2cdda59e5c9e7,APPROVED,2022-10-10T15:18:45.860000Z,2022-10-10T15:23:47.306000Z,2022-10-10T16:21:43.249000,2022-10-10T15:23:47.759296Z,302,24A88432,207,1,100,23,Female,White,United Kingdom,United Kingdom,United Kingdom,English,Yes,Other
634437d24b1dcf507ef1fbaf,59dd90f6e75b450001a68dac,APPROVED,2022-10-10T15:23:16.630000Z,2022-10-10T15:30:57.665000Z,2022-10-10T16:21:43.355000,2022-10-10T15:30:58.126621Z,462,24A88432,1356,2,100,35,Female,White,United Kingdom,United Kingdom,United Kingdom,English,DATA_EXPIRED,DATA_EXPIRED
634437d712a0306d59179f9d,6001ad0713a0870bca48e9f0,APPROVED,2022-10-10T15:18:50.230000Z,2022-10-10T15:24:02.727000Z,2022-10-10T16:21:24.682000,2022-10-10T15:24:03.123793Z,313,24A88432,202,1,100,20,Male,White,United Kingdom,United Kingdom,United Kingdom,English,Yes,Full-Time
634437d7b59f60fa828716df,60d648ee8b64beed19aca21e,APPROVED,2022-10-10T15:18:51.371000Z,2022-10-10T15:25:50.878000Z,2022-10-10T16:21:24.795000,2022-10-10T15:25:51.261956Z,420,24A88432,371,0,100,48,Male,White,United Kingdom,United Kingdom,United Kingdom,English,No,Full-Time
634437d9e995b995bcf5b4c7,5aa04de4dbdb470001ef1dd5,APPROVED,2022-10-10T15:18:54.254000Z,2022-10-10T15:24:21.483000Z,2022-10-10T16:21:24.919000,2022-10-10T15:24:21.851215Z,328,24A88432,1023,12,98,55,Male,White,United Kingdom,United Kingdom,United Kingdom,English,No,Full-Time
634437db08e1e0573e34c38b,610b81a257f7fe15a5f59393,APPROVED,2022-10-10T15:19:02.752000Z,2022-10-10T15:27:17.631000Z,2022-10-10T16:21:43.465000,2022-10-10T15:27:18.202866Z,495,24A88432,126,2,99,31,Female,White,Canada,Canada,Canada,English,No,Full-Time
634437dc242c97d994f1fbb9,612577d6c2728428c811d3f9,APPROVED,2022-10-10T15:18:57.241000Z,2022-10-10T15:22:56.803000Z,2022-10-10T16:21:25.040000,2022-10-10T15:22:57.233467Z,240,24A88432,320,0,100,22,Male,White,United Kingdom,United Kingdom,United Kingdom,English,DATA_EXPIRED,DATA_EXPIRED
634437dd3872056949df3918,5cc9f6273298a10001bbc7f4,APPROVED,2022-10-10T15:18:58.293000Z,2022-10-10T15:24:31.743000Z,2022-10-10T16:21:43.575000,2022-10-10T15:24:32.164867Z,334,24A88432,842,6,99,25,Female,White,Canada,Canada,Canada,English,No,Full-Time
634437ddd3cd9fe444a062cb,60e1fade7d70f0e7241570e7,APPROVED,2022-10-10T15:18:55.571000Z,2022-10-10T15:25:48.884000Z,2022-10-10T16:21:43.682000,2022-10-10T15:25:49.486636Z,414,24A88432,124,0,100,20,Female,DATA_EXPIRED,United Kingdom,United Kingdom,United Kingdom,English,No,DATA_EXPIRED
634437df0ad20b37f9386fa9,600dc0cb8625143956a3c76a,APPROVED,2022-10-10T15:20:34.366000Z,2022-10-10T15:29:49.889000Z,2022-10-10T16:21:43.793000,2022-10-10T15:29:50.845934Z,556,24A88432,156,1,100,19,Female,Asian,South Africa,South Africa,South Africa,English,No,"Not in paid work (e.g. homemaker', 'retired or disabled)"
634437e196c7c0ae50df390a,60b8ba78d542997c6da77923,APPROVED,2022-10-10T15:18:59.224000Z,2022-10-10T15:24:40.754000Z,2022-10-10T16:21:25.153000,2022-10-10T15:24:41.254757Z,342,24A88432,344,9,96,33,Male,White,United Kingdom,United Kingdom,United Kingdom,English,No,Due to start a new job within the next month
634437e70bcea4a39f00ec6e,61f2aa1fa09e72f23cbaf077,APPROVED,2022-10-10T15:19:33.493000Z,2022-10-10T15:25:13.094000Z,2022-10-10T16:21:43.897000,2022-10-10T15:25:13.545545Z,340,24A88432,147,0,100,21,Female,White,United Kingdom,United Kingdom,United Kingdom,English,Yes,Part-Time
634437ec413c197ac29d7ec4,5c9998f7700a250001158b30,APPROVED,2022-10-10T15:19:10.452000Z,2022-10-10T15:26:07.613000Z,2022-10-10T16:21:44.002000,2022-10-10T15:26:08.045770Z,418,24A88432,163,0,100,28,Female,White,United Kingdom,United Kingdom,United Kingdom,English,No,Other
634437f36c900dcd9ccd7664,5f1b05a8703c380d1393bb27,APPROVED,2022-10-10T15:19:15.215000Z,2022-10-10T15:29:36.894000Z,2022-10-10T16:21:44.109000,2022-10-10T15:29:37.285947Z,622,24A88432,514,0,100,69,Female,White,Malta,United Kingdom,Malta,English,No,DATA_EXPIRED
634437f990e2ce01fb45047c,5f10da001b822c2988fbdb89,APPROVED,2022-10-10T15:19:22.922000Z,2022-10-10T15:24:26.775000Z,2022-10-10T16:21:25.265000,2022-10-10T15:24:27.210068Z,304,24A88432,768,10,98,29,Male,White,United Kingdom,United Kingdom,United Kingdom,English,No,Full-Time
634437fb63d7b5485637b535,607bfcc67adf7f35b00c57b3,APPROVED,2022-10-10T15:19:33.010000Z,2022-10-10T15:26:43.950000Z,2022-10-10T16:21:44.218000,2022-10-10T15:26:45.034176Z,431,24A88432,359,3,99,55,Female,White,Canada,Canada,Canada,English,No,Unemployed (and job seeking)
634437fd9b4f68fb340cd8b5,600463555dafb42a777cf5a3,APPROVED,2022-10-10T15:19:25.260000Z,2022-10-10T15:25:37.236000Z,2022-10-10T16:21:44.329000,2022-10-10T15:25:37.876482Z,372,24A88432,355,0,100,26,Female,White,Ireland,Ireland,Ireland,English,No,Full-Time
634437fe1cadc39e2fdac36e,6147c2a9dd3f0c5385c015cf,APPROVED,2022-10-10T15:19:30.891000Z,2022-10-10T15:25:30.664000Z,2022-10-10T16:21:44.436000,2022-10-10T15:25:31.084951Z,360,24A88432,132,1,100,41,Female,White,United Kingdom,United Kingdom,United Kingdom,English,No,Part-Time
6344380020b2995e62a0b9fb,60d05712d155f607f2b7f664,APPROVED,2022-10-10T15:20:00.327000Z,2022-10-10T15:25:46.282000Z,2022-10-10T16:21:44.547000,2022-10-10T15:25:46.833477Z,346,24A88432,333,2,100,20,Female,White,United Kingdom,United Kingdom,United Kingdom,English,Yes,Other
6344380534a4bee94748ebda,56a892ef7f24720006937650,APPROVED,2022-10-10T15:19:36.091000Z,2022-10-10T15:25:47.362000Z,2022-10-10T16:21:25.375000,2022-10-10T15:25:47.809479Z,372,24A88432,520,7,98,34,Male,White,United Kingdom,United Kingdom,United Kingdom,English,DATA_EXPIRED,DATA_EXPIRED
63443806319b7b64d8a062f0,5e3d2ab94aebac111b5f6cd2,APPROVED,2022-10-10T15:19:39.120000Z,2022-10-10T15:25:35.622000Z,2022-10-10T16:21:25.490000,2022-10-10T15:25:36.058041Z,357,24A88432,940,5,100,60,Male,White,United Kingdom,United Kingdom,United Kingdom,English,No,Part-Time
63443811016d9cacb7cd7629,615ab5533b30eca14c3ee66a,APPROVED,2022-10-10T15:19:48.652000Z,2022-10-10T15:27:27.752000Z,2022-10-10T16:21:44.654000,2022-10-10T15:27:28.165965Z,460,24A88432,231,0,100,30,Female,White,United Kingdom,United Kingdom,United Kingdom,English,No,DATA_EXPIRED
63443811c5838ab2a948eb91,577a1ba12ed4a60001ad55dc,APPROVED,2022-10-10T15:19:45.391000Z,2022-10-10T15:30:27.387000Z,2022-10-10T16:21:25.600000,2022-10-10T15:30:27.918979Z,642,24A88432,926,1,100,60,Male,White,United Kingdom,United Kingdom,United Kingdom,English,No,"Not in paid work (e.g. homemaker', 'retired or disabled)"
634438136a46acb413c89ec1,5bf769ac2dd20c00013188d1,APPROVED,2022-10-10T15:19:53.259000Z,2022-10-10T15:27:01.717000Z,2022-10-10T16:21:25.713000,2022-10-10T15:27:02.447006Z,429,24A88432,341,0,100,30,Male,White,Canada,Canada,Canada,English,No,Full-Time
634438161c5961480f60a83c,5e88ace3ea2d7301609388da,APPROVED,2022-10-10T15:19:52.839000Z,2022-10-10T15:24:11.733000Z,2022-10-10T16:21:25.830000,2022-10-10T15:24:12.188811Z,259,24A88432,116,0,100,23,Male,White,United Kingdom,United Kingdom,United Kingdom,English,DATA_EXPIRED,DATA_EXPIRED
63443822f45b2a9dc0c89ee5,616f337c287cb7972c92cacb,APPROVED,2022-10-10T15:20:07.731000Z,2022-10-10T15:27:34.978000Z,2022-10-10T16:21:44.765000,2022-10-10T15:27:35.404662Z,448,24A88432,531,1,100,31,Female,White,United Kingdom,United Kingdom,United Kingdom,English,No,Full-Time
634438269e4b5c708d0d25e8,5eccd04687671e0133893894,APPROVED,2022-10-10T15:21:22.265000Z,2022-10-10T15:29:56.228000Z,2022-10-10T16:21:44.874000,2022-10-10T15:29:56.666739Z,514,24A88432,99,0,100,27,Female,White,United Kingdom,Switzerland,United Kingdom,English,No,"Not in paid work (e.g. homemaker', 'retired or disabled)"
63443828319b7b64d8a062f7,5b97dba2813d530001c326ee,APPROVED,2022-10-10T15:20:11.458000Z,2022-10-10T15:28:13.370000Z,2022-10-10T16:21:25.947000,2022-10-10T15:28:13.823718Z,482,24A88432,1423,0,100,61,Male,White,United Kingdom,United Kingdom,United Kingdom,English,No,"Not in paid work (e.g. homemaker', 'retired or disabled)"
6344382bd7ce3ee707b8999a,6027c9f82e967c5ce8cf4f08,APPROVED,2022-10-10T15:20:25.927000Z,2022-10-10T15:31:04.847000Z,2022-10-10T16:21:44.987000,2022-10-10T15:31:05.261930Z,639,24A88432,902,5,100,52,Female,White,United Kingdom,United Kingdom,United Kingdom,English,No,"Not in paid work (e.g. homemaker', 'retired or disabled)"
6344382c0bcea4a39f00ec77,566763253045cd0005bfedaf,APPROVED,2022-10-10T15:20:32.411000Z,2022-10-10T15:27:00.981000Z,2022-10-10T16:21:26.065000,2022-10-10T15:27:01.361057Z,389,24A88432,1492,10,99,65,Male,White,United Kingdom,United Kingdom,United Kingdom,English,No,DATA_EXPIRED
6344382dc069bfa02c7e1152,6151f70bf945f8ed4230d867,APPROVED,2022-10-10T15:20:13.665000Z,2022-10-10T15:34:12.041000Z,2022-10-10T16:21:26.178000,2022-10-10T15:34:12.479088Z,839,24A88432,375,6,98,63,Male,White,Canada,Canada,Canada,English,No,"Not in paid work (e.g. homemaker', 'retired or disabled)"
6344382f34a4bee94748ebe1,613b94b83b5cb4c72904f8b3,APPROVED,2022-10-10T15:20:19.785000Z,2022-10-10T15:26:36.232000Z,2022-10-10T16:21:45.099000,2022-10-10T15:26:36.624597Z,377,24A88432,388,4,98,23,Female,White,United Kingdom,United Kingdom,United Kingdom,English,Yes,Full-Time
6344382f6b226afd898b85d7,5e4e5fb300231c2a82a80b17,APPROVED,2022-10-10T15:20:23.824000Z,2022-10-10T15:28:50.165000Z,2022-10-10T16:21:26.299000,2022-10-10T15:28:52.667779Z,507,24A88432,75,0,100,39,Male,White,United Kingdom,United Kingdom,United Kingdom,English,No,Full-Time
634438366b226afd898b85d9,62fc0feba3707f6b63d1252c,APPROVED,2022-10-10T15:20:31.112000Z,2022-10-10T15:28:23.805000Z,2022-10-10T16:21:26.420000,2022-10-10T15:28:24.273156Z,473,24A88432,56,0,100,19,Male,White,United Kingdom,United Kingdom,United Kingdom,English,Yes,Part-Time
6344383c145914df87c0e3a3,56f17fffeaf7b7000b1b4e80,APPROVED,2022-10-10T15:20:33.418000Z,2022-10-10T15:27:22.882000Z,2022-10-10T16:21:26.538000,2022-10-10T15:27:23.290449Z,410,24A88432,1025,6,99,63,Male,White,United Kingdom,United Kingdom,United Kingdom,English,No,Full-Time
6344383cef09e2d4852323bf,5ec13b69d1e98a551b86d934,APPROVED,2022-10-10T15:20:36.716000Z,2022-10-10T15:29:57.569000Z,2022-10-10T16:21:45.213000,2022-10-10T15:29:58.137559Z,561,24A88432,260,0,100,61,Female,White,United Kingdom,United Kingdom,United Kingdom,English,No,DATA_EXPIRED
6344383ffb07bfc4481fff49,5f096b84c3d6931e50c95041,APPROVED,2022-10-10T15:20:34.849000Z,2022-10-10T15:26:35.151000Z,2022-10-10T16:21:45.323000,2022-10-10T15:26:35.545466Z,361,24A88432,735,2,100,49,Female,White,United States,United Kingdom,United States,English,No,"Not in paid work (e.g. homemaker', 'retired or disabled)"
634438416abcfeb5861d8c40,59d1f0fffaf42e00012b6c20,APPROVED,2022-10-10T15:20:41.558000Z,2022-10-10T15:28:26.675000Z,2022-10-10T16:21:26.652000,2022-10-10T15:28:27.065708Z,466,24A88432,1540,0,100,53,Male,White,United Kingdom,United Kingdom,United Kingdom,English,No,Full-Time
634438504976e8cfd1ba1343,60a5a599bbb27be1974dae25,APPROVED,2022-10-10T15:21:02.604000Z,2022-10-10T15:31:17.900000Z,2022-10-10T16:21:45.431000,2022-10-10T15:31:18.353678Z,616,24A88432,215,1,100,22,Female,Black,South Africa,South Africa,South Africa,English,Yes,Full-Time
63443851164164f6de1d8c0c,5b96b497169b86000125198e,APPROVED,2022-10-10T15:20:55.838000Z,2022-10-10T15:27:26.410000Z,2022-10-10T16:21:45.540000,2022-10-10T15:27:26.975614Z,391,24A88432,148,1,100,49,Female,White,United Kingdom,United Kingdom,United Kingdom,English,No,Part-Time
63443856893aab22fb9770a1,60299d096ab1b93a43d650a7,APPROVED,2022-10-10T15:28:26.344000Z,2022-10-10T15:33:19.550000Z,2022-10-10T16:21:45.644000,2022-10-10T15:33:19.939512Z,294,24A88432,374,0,100,26,Female,White,United Kingdom,United Kingdom,United Kingdom,English,No,Part-Time
63443857016d9cacb7cd762e,60fee0955e35639c8f71fcf3,APPROVED,2022-10-10T15:20:59.036000Z,2022-10-10T15:27:10.123000Z,2022-10-10T16:21:45.751000,2022-10-10T15:27:10.543716Z,372,24A88432,182,1,100,22,Female,Other,Yemen,Netherlands,Yemen,English,Yes,DATA_EXPIRED
6344385b21dd38f455a228cb,62a4a96a714f8db646dea5d4,APPROVED,2022-10-10T15:21:02.178000Z,2022-10-10T15:26:32.609000Z,2022-10-10T16:21:26.769000,2022-10-10T15:26:33.367603Z,331,24A88432,175,0,100,25,Male,White,United Kingdom,United Kingdom,United Kingdom,English,No,Full-Time
6344385b91eaeb76e45c547a,59a959925ea0f30001281475,APPROVED,2022-10-10T15:21:02.167000Z,2022-10-10T15:43:41.025000Z,2022-10-10T16:21:45.856000,2022-10-10T15:43:41.527143Z,1359,24A88432,1053,4,100,32,Female,White,United Kingdom,United Kingdom,United Kingdom,English,No,DATA_EXPIRED
6344385d1db81d13d7a2286e,5bfaadc28422770001d9748f,APPROVED,2022-10-10T15:21:05.783000Z,2022-10-10T15:28:34.007000Z,2022-10-10T16:21:27.104000,2022-10-10T15:28:36.259722Z,449,24A88432,1076,1,100,63,Male,White,United States,United States,United States,English,DATA_EXPIRED,DATA_EXPIRED
6344386808e1e0573e34c39e,5e80cd7d5a8b770009b6884e,APPROVED,2022-10-10T15:21:16.263000Z,2022-10-10T15:28:43.681000Z,2022-10-10T16:21:45.960000,2022-10-10T15:28:45.000249Z,448,24A88432,328,4,99,23,Female,White,Canada,Canada,Canada,English,No,Part-Time
634438717a902b6d4c1fff83,5f859da7c823900253085c48,APPROVED,2022-10-10T15:21:29.737000Z,2022-10-10T15:28:19.403000Z,2022-10-10T16:21:27.217000,2022-10-10T15:28:19.785327Z,410,24A88432,374,6,97,69,Male,White,United Kingdom,United Kingdom,United Kingdom,English,No,DATA_EXPIRED
63443876afbce0f52a7e10e2,5bd3196a28dcce00013f9d77,APPROVED,2022-10-10T15:21:32.228000Z,2022-10-10T15:27:57.817000Z,2022-10-10T16:21:27.330000,2022-10-10T15:27:58.222792Z,386,24A88432,384,2,100,41,Male,White,United Kingdom,United Kingdom,United Kingdom,English,No,DATA_EXPIRED
634438777b20aa549d48eb87,5a69fb0f0c0388000190efad,APPROVED,2022-10-10T15:21:30.483000Z,2022-10-10T15:27:51.604000Z,2022-10-10T16:21:46.068000,2022-10-10T15:27:52.063292Z,382,24A88432,536,3,100,41,Female,White,United Kingdom,United Kingdom,United Kingdom,English,No,DATA_EXPIRED
6344387801363d3fecdac3db,6093b556feedc7b71583967a,APPROVED,2022-10-10T15:21:43.879000Z,2022-10-10T15:26:55.465000Z,2022-10-10T16:21:27.446000,2022-10-10T15:26:55.911059Z,312,24A88432,53,0,100,31,Male,White,United Kingdom,United Kingdom,United Kingdom,English,No,Full-Time
6344387bc7fcc8d08d729219,5c93073250e4fb0001f7907b,APPROVED,2022-10-10T15:21:35.454000Z,2022-10-10T15:26:27.228000Z,2022-10-10T16:21:46.177000,2022-10-10T15:26:27.668423Z,292,24A88432,487,1,100,40,Female,White,Canada,Canada,Ukraine,English,No,Full-Time
6344387e75afc0dbdaef8760,59479251f236120001ecf9a2,APPROVED,2022-10-10T15:21:36.891000Z,2022-10-10T15:27:03.151000Z,2022-10-10T16:21:27.555000,2022-10-10T15:27:03.581500Z,327,24A88432,901,6,99,53,Male,White,United Kingdom,United Kingdom,United Kingdom,English,No,Part-Time
6344387efa8f3cb8302323ca,5ef51e6f12ad1916a987fde1,APPROVED,2022-10-10T15:21:37.085000Z,2022-10-10T15:27:49.988000Z,2022-10-10T16:21:46.285000,2022-10-10T15:27:51.225042Z,373,24A88432,361,1,100,20,Female,White,Canada,Canada,Canada,English,No,Unemployed (and job seeking)
6344387feb90c81a37c0e352,62ec4b4c7027e093f9048e5d,APPROVED,2022-10-10T15:21:39.221000Z,2022-10-10T15:28:17.005000Z,2022-10-10T16:21:46.392000,2022-10-10T15:28:17.380915Z,398,24A88432,52,1,100,31,Female,Black,United Kingdom,United Kingdom,United Kingdom,English,No,DATA_EXPIRED
6344388101363d3fecdac3df,60bd381631ab0f24daafa5ac,APPROVED,2022-10-10T15:26:19.427000Z,2022-10-10T15:31:46.667000Z,2022-10-10T16:21:27.669000,2022-10-10T15:31:48.051470Z,328,24A88432,515,0,100,21,Male,White,Canada,Canada,Canada,English,Yes,Unemployed (and job seeking)
6344388356ea90ed11f08696,57be300e7eaea600014d2e4b,APPROVED,2022-10-10T15:21:43.518000Z,2022-10-10T15:30:08.960000Z,2022-10-10T16:21:46.499000,2022-10-10T15:30:09.384256Z,506,24A88432,574,4,100,64,Female,White,United Kingdom,United Kingdom,United Kingdom,English,No,Part-Time
63443885c5838ab2a948eb9a,5cc2ecf5e2a25b001ad51820,APPROVED,2022-10-10T15:21:44.417000Z,2022-10-10T15:27:14.258000Z,2022-10-10T16:21:46.606000,2022-10-10T15:27:14.721696Z,330,24A88432,934,3,100,42,Female,White,United Kingdom,United Kingdom,United Kingdom,English,No,DATA_EXPIRED
63443888eda26779a171accc,605996d037bce4fb5488a375,APPROVED,2022-10-10T15:21:44.131000Z,2022-10-10T15:42:40.854000Z,2022-10-10T16:21:46.715000,2022-10-10T15:42:41.278211Z,1257,24A88432,364,5,99,27,Female,Mixed,South Africa,South Africa,South Africa,English,No,Full-Time
63443888f45b2a9dc0c89ef2,5a4c334121bfa00001081a4e,APPROVED,2022-10-10T15:21:44.541000Z,2022-10-10T15:29:27.690000Z,2022-10-10T16:21:27.788000,2022-10-10T15:29:28.133778Z,464,24A88432,1364,7,99,55,Male,White,United Kingdom,United Kingdom,United Kingdom,English,No,DATA_EXPIRED
6344388a9da28d28dd0d2649,5f415bea2ba0682e7fc98fbf,APPROVED,2022-10-10T15:21:46.377000Z,2022-10-10T15:28:35.522000Z,2022-10-10T16:21:27.913000,2022-10-10T15:28:38.877505Z,410,24A88432,69,1,100,20,Male,White,United Kingdom,United Kingdom,United Kingdom,English,No,Unemployed (and job seeking)
6344388bd3d436c4b134cd9d,5eaeddb6a7e04f5af6b3e879,APPROVED,2022-10-10T15:21:47.201000Z,2022-10-10T15:28:54.086000Z,2022-10-10T16:21:46.823000,2022-10-10T15:28:59.378688Z,427,24A88432,740,1,100,59,Female,White,United Kingdom,United Kingdom,United Kingdom,English,No,"Not in paid work (e.g. homemaker', 'retired or disabled)"
6344388e9b4f68fb340cd8cb,62fcedae37fcdac16269c7f0,APPROVED,2022-10-10T15:22:28.809000Z,2022-10-10T15:26:57.675000Z,2022-10-10T16:21:28.041000,2022-10-10T15:26:58.087659Z,269,24A88432,66,0,100,19,Male,Asian,United Kingdom,United Kingdom,United Kingdom,English,DATA_EXPIRED,DATA_EXPIRED
63443890d247e3ca84e4c943,5f1ee65060d65004407af5ea,APPROVED,2022-10-10T15:21:54.423000Z,2022-10-10T15:27:05.482000Z,2022-10-10T16:21:28.158000,2022-10-10T15:27:05.963142Z,312,24A88432,255,0,100,27,Male,White,United Kingdom,United Kingdom,United Kingdom,English,No,Full-Time
63443892747e127db6ef8717,542c1dd2fdf99b324f7632f0,APPROVED,2022-10-10T15:21:57.558000Z,2022-10-10T15:26:22.064000Z,2022-10-10T16:21:46.928000,2022-10-10T15:26:22.499834Z,265,24A88432,851,20,95,45,Female,DATA_EXPIRED,United Kingdom,United Kingdom,United Kingdom,English,DATA_EXPIRED,DATA_EXPIRED
634438962ab85d120ae4c9a3,587b3ddbac864a0001c9bd27,APPROVED,2022-10-10T15:22:01.398000Z,2022-10-10T15:27:03.937000Z,2022-10-10T16:21:28.268000,2022-10-10T15:27:04.434552Z,303,24A88432,721,1,100,48,Male,White,United Kingdom,United Kingdom,United Kingdom,English,DATA_EXPIRED,DATA_EXPIRED
63443896c5838ab2a948eb9d,60ec44f29f8829150cbf07a2,APPROVED,2022-10-10T15:22:04.721000Z,2022-10-10T15:27:59.655000Z,2022-10-10T16:21:28.385000,2022-10-10T15:28:00.209437Z,355,24A88432,531,3,100,61,Male,White,United Kingdom,United Kingdom,United Kingdom,English,No,"Not in paid work (e.g. homemaker', 'retired or disabled)"
6344389fcbb3c6899300eca0,628d4cb8fd0df0e4ef295837,APPROVED,2022-10-10T15:22:10.809000Z,2022-10-10T15:41:17.636000Z,2022-10-10T16:21:28.505000,2022-10-10T15:41:18.189698Z,1147,24A88432,135,0,100,34,Male,White,United Kingdom,United Kingdom,United Kingdom,English,No,Full-Time
634438a23132b4bbe9df3910,5a11b458ab721b0001ef8884,APPROVED,2022-10-10T15:22:13.046000Z,2022-10-10T15:27:19.305000Z,2022-10-10T16:21:28.627000,2022-10-10T15:27:21.920932Z,307,24A88432,913,10,99,37,Male,White,United Kingdom,United Kingdom,United Kingdom,English,DATA_EXPIRED,DATA_EXPIRED
634438a23f75b7d59948ebee,598b66390ea3200001521202,APPROVED,2022-10-10T15:27:08.402000Z,2022-10-10T15:33:19.652000Z,2022-10-10T16:21:47.036000,2022-10-10T15:33:20.035219Z,372,24A88432,1269,5,100,61,Female,White,United Kingdom,United Kingdom,United Kingdom,English,No,"Not in paid work (e.g. homemaker', 'retired or disabled)"
634438a4e4255373610d5cc1,576799ef26ed5300019ffe63,APPROVED,2022-10-10T15:22:28.175000Z,2022-10-10T15:28:16.731000Z,2022-10-10T16:21:47.145000,2022-10-10T15:28:17.376611Z,349,24A88432,307,3,99,26,Female,White,United Kingdom,United Kingdom,United Kingdom,English,No,Full-Time
634438a68ad651afc3f08668,6124a2f677a0a64964262351,APPROVED,2022-10-10T15:22:17.776000Z,2022-10-10T15:44:44.038000Z,2022-10-10T16:21:47.255000,2022-10-10T15:44:44.447303Z,1347,24A88432,265,2,100,27,Female,White,United Kingdom,United Kingdom,United Kingdom,English,DATA_EXPIRED,DATA_EXPIRED
634438a8311f2e534121fbc7,5b639ebd7584240001421064,APPROVED,2022-10-10T15:22:19.461000Z,2022-10-10T15:27:16.851000Z,2022-10-10T16:21:47.362000,2022-10-10T15:27:17.367440Z,298,24A88432,863,0,100,25,Female,White,Canada,Canada,Canada,English,No,Part-Time
634438a91378e261121d8bea,615db0b493aa7174c37cbe78,APPROVED,2022-10-10T15:22:21.772000Z,2022-10-10T15:27:59.955000Z,2022-10-10T16:21:47.469000,2022-10-10T15:28:00.394017Z,339,24A88432,119,1,100,20,Female,White,United Kingdom,United Kingdom,United Kingdom,English,Yes,Unemployed (and job seeking)
634438ae747e127db6ef8721,5c86ce55f2d62e001975e0ad,APPROVED,2022-10-10T15:22:22.652000Z,2022-10-10T15:29:07.844000Z,2022-10-10T16:21:47.575000,2022-10-10T15:29:08.247909Z,406,24A88432,730,1,100,30,Female,White,United States,United States,Ireland,English,DATA_EXPIRED,DATA_EXPIRED
634438aec23a7aa42271ad05,5a70b641ff6f2300013ef0ee,APPROVED,2022-10-10T15:22:22.275000Z,2022-10-10T15:28:52.470000Z,2022-10-10T16:21:28.746000,2022-10-10T15:28:53.215553Z,391,24A88432,455,1,100,29,Male,White,United Kingdom,United Kingdom,United Kingdom,English,No,DATA_EXPIRED
634438b9871ee2634a22868f,5986d36e23640f00010e55ee,APPROVED,2022-10-10T15:22:44.359000Z,2022-10-10T15:29:00.723000Z,2022-10-10T16:21:47.682000,2022-10-10T15:29:02.856094Z,377,24A88432,110,0,100,37,Female,White,United Kingdom,United Kingdom,United Kingdom,English,No,Part-Time
634438bd05e5fe02e487171b,5ff1e9e97e067a6157742ad3,APPROVED,2022-10-10T15:22:44.419000Z,2022-10-10T15:27:46.731000Z,2022-10-10T16:21:47.791000,2022-10-10T15:27:50.412507Z,303,24A88432,360,3,100,36,Female,White,Ireland,Ireland,Ireland,English,DATA_EXPIRED,DATA_EXPIRED
634438c11db81d13d7a2287c,61252df914a20982c06d6e02,APPROVED,2022-10-10T15:22:59.353000Z,2022-10-10T15:30:03.835000Z,2022-10-10T16:21:47.896000,2022-10-10T15:30:04.502485Z,425,24A88432,252,0,100,43,Female,DATA_EXPIRED,United Kingdom,United Kingdom,United Kingdom,English,DATA_EXPIRED,DATA_EXPIRED
634438c53f312da8cc977079,5680452cc5767f00121cc81a,APPROVED,2022-10-10T15:22:50.132000Z,2022-10-10T15:27:47.181000Z,2022-10-10T16:21:28.866000,2022-10-10T15:27:47.650257Z,298,24A88432,1397,6,100,59,Male,White,United Kingdom,United Kingdom,United Kingdom,English,No,Full-Time
634438c6a752cc82c8f5b497,5ede5231ed48630902f01d88,APPROVED,2022-10-10T15:22:57.409000Z,2022-10-10T15:29:35.607000Z,2022-10-10T16:21:28.988000,2022-10-10T15:29:35.970744Z,399,24A88432,649,2,100,55,Male,White,United Kingdom,United Kingdom,United Kingdom,English,Yes,Full-Time
634438c708e1e0573e34c3ad,6172c5f0aa655196c0b1b154,APPROVED,2022-10-10T15:23:04.564000Z,2022-10-10T15:31:46.400000Z,2022-10-10T16:21:29.111000,2022-10-10T15:31:46.857551Z,522,24A88432,78,0,100,49,Male,White,United Kingdom,United Kingdom,United Kingdom,English,No,DATA_EXPIRED
634438ca5ad848ef6a6694d3,616c98c5821cbeeffb348e40,APPROVED,2022-10-10T15:22:59.414000Z,2022-10-10T15:28:05.136000Z,2022-10-10T16:21:48.007000,2022-10-10T15:28:05.500383Z,306,24A88432,266,2,100,29,Female,White,United Kingdom,United Kingdom,United Kingdom,English,No,Full-Time
634438cbd7ce3ee707b899af,5c383eb5bc6444000133d1e3,APPROVED,2022-10-10T15:22:54.345000Z,2022-10-10T15:27:33.825000Z,2022-10-10T16:21:48.115000,2022-10-10T15:27:34.335771Z,280,24A88432,58,1,99,37,Female,White,Ireland,United Kingdom,Ireland,English,No,DATA_EXPIRED
634438cc0af991ee6f7e110e,5e9821fa768ff60008b53d36,APPROVED,2022-10-10T15:22:52.855000Z,2022-10-10T15:29:56.668000Z,2022-10-10T16:21:48.224000,2022-10-10T15:29:57.069472Z,424,24A88432,973,5,100,58,Female,White,United Kingdom,United Kingdom,United Kingdom,English,No,Part-Time
634438d0cad7bd86cfba1367,615a04685ccd2763823852f7,APPROVED,2022-10-10T15:22:59.217000Z,2022-10-10T15:27:44.820000Z,2022-10-10T16:21:48.336000,2022-10-10T15:27:47.967576Z,286,24A88432,327,3,99,31,Female,White,United Kingdom,United Kingdom,United Kingdom,English,Yes,DATA_EXPIRED
634438d9d3cd9fe444a062e9,60bf88598efc080a82eeb276,APPROVED,2022-10-10T15:23:09.220000Z,2022-10-10T15:30:03.347000Z,2022-10-10T16:21:48.446000,2022-10-10T15:30:03.912686Z,415,24A88432,195,0,100,28,Female,Black,South Africa,South Africa,South Africa,English,No,Full-Time
634438e3a034b7f89d71ad07,629e1126e86b12100ac23c57,APPROVED,2022-10-10T15:23:15.900000Z,2022-10-10T15:29:14.804000Z,2022-10-10T16:21:29.234000,2022-10-10T15:29:15.267825Z,359,24A88432,112,0,100,28,Male,White,United Kingdom,United Kingdom,United Kingdom,English,No,DATA_EXPIRED
634438e4d315e38836e70fea,60459f654004876e609870e9,APPROVED,2022-10-10T15:23:21.488000Z,2022-10-10T15:29:44.913000Z,2022-10-10T16:21:29.348000,2022-10-10T15:29:45.700871Z,384,24A88432,373,3,100,45,Male,White,United Kingdom,Ireland,United Kingdom,English,DATA_EXPIRED,DATA_EXPIRED
634438e61db81d13d7a22882,606226520b95abbc59802c10,APPROVED,2022-10-10T15:23:18.311000Z,2022-10-10T15:30:22.683000Z,2022-10-10T16:21:48.562000,2022-10-10T15:30:23.449389Z,425,24A88432,196,1,100,25,Female,White,Canada,Canada,Canada,English,No,Full-Time
634438e86abcfeb5861d8c55,603a2ad068ff0b54ee864cdc,APPROVED,2022-10-10T15:23:24.281000Z,2022-10-10T15:29:43.385000Z,2022-10-10T16:21:29.463000,2022-10-10T15:29:43.830004Z,380,24A88432,102,1,100,23,Male,White,United Kingdom,United Kingdom,United Kingdom,English,Yes,Other
634438facbb3c6899300ecae,5d7030ac857dc1000120d032,APPROVED,2022-10-10T15:23:41.400000Z,2022-10-10T15:29:23.815000Z,2022-10-10T16:21:29.577000,2022-10-10T15:29:24.182850Z,343,24A88432,655,3,100,25,Male,White,United Kingdom,United Kingdom,United Kingdom,English,No,Full-Time
634438fc3bffadaf6d34c3e4,60a4127d4c901e993eb8360d,APPROVED,2022-10-10T15:24:00.589000Z,2022-10-10T15:33:04.845000Z,2022-10-10T16:21:29.696000,2022-10-10T15:33:05.261413Z,545,24A88432,131,0,100,25,Male,Black,South Africa,South Africa,South Africa,English,Yes,Part-Time
634438ff67b97007fbf086c2,62d6d69dfa9b0735607d68f8,APPROVED,2022-10-10T15:23:45.557000Z,2022-10-10T15:29:55.010000Z,2022-10-10T16:21:29.817000,2022-10-10T15:29:55.504705Z,370,24A88432,92,0,100,20,Male,White,United Kingdom,United Kingdom,United Kingdom,English,Yes,Full-Time
634438ff933663a8fe2d12e4,5c98e67a0c89b60011f2a6f2,APPROVED,2022-10-10T15:24:43.991000Z,2022-10-10T15:31:30.636000Z,2022-10-10T16:21:29.934000,2022-10-10T15:31:31.134922Z,407,24A88432,85,0,100,31,Male,White,United Kingdom,United Kingdom,United Kingdom,English,No,DATA_EXPIRED
6344390920b2995e62a0ba21,60b1465dc14e70d7c429213e,APPROVED,2022-10-10T15:23:56.746000Z,2022-10-10T15:28:38.640000Z,2022-10-10T16:21:30.056000,2022-10-10T15:28:40.138902Z,282,24A88432,690,2,100,49,Male,White,United Kingdom,United Kingdom,United Kingdom,English,No,Full-Time
63443909babbbfa575a0b9b2,575eab31862b0f0006cd7dec,APPROVED,2022-10-10T15:23:58.195000Z,2022-10-10T15:32:46.933000Z,2022-10-10T16:21:30.173000,2022-10-10T15:32:47.326564Z,529,24A88432,1843,6,100,66,Male,White,United Kingdom,United Kingdom,United Kingdom,English,No,"Not in paid work (e.g. homemaker', 'retired or disabled)"
634439113132b4bbe9df391c,629613cf55e5738877af0e3a,APPROVED,2022-10-10T15:24:01.746000Z,2022-10-10T15:28:39.480000Z,2022-10-10T16:21:30.290000,2022-10-10T15:28:42.748970Z,278,24A88432,186,2,100,30,Male,White,United Kingdom,United Kingdom,United Kingdom,English,Yes,Part-Time
634439172a64e78c0a37b56d,591efbd1ff8a030001e8e595,APPROVED,2022-10-10T15:24:10.633000Z,2022-10-10T15:29:21.699000Z,2022-10-10T16:21:30.403000,2022-10-10T15:29:22.231683Z,312,24A88432,1702,13,99,49,Male,White,United Kingdom,United Kingdom,United Kingdom,English,No,Full-Time
6344391fd3cd9fe444a062f1,60250e892b5c5727eeeef076,APPROVED,2022-10-10T15:24:19.475000Z,2022-10-10T15:32:22.340000Z,2022-10-10T16:21:30.521000,2022-10-10T15:32:22.789650Z,483,24A88432,649,0,100,64,Male,White,United Kingdom,United Kingdom,United Kingdom,English,No,"Not in paid work (e.g. homemaker', 'retired or disabled)"
63443927a0d7f8690b10aa62,56ba61ad9de5f7000ba4ac37,APPROVED,2022-10-10T15:24:27.383000Z,2022-10-10T15:30:02.710000Z,2022-10-10T16:21:30.638000,2022-10-10T15:30:03.121505Z,336,24A88432,884,2,100,35,Male,DATA_EXPIRED,United Kingdom,United Kingdom,United Kingdom,English,DATA_EXPIRED,DATA_EXPIRED
63443930f9b313143210b1dc,59b56694e798730001488f75,APPROVED,2022-10-10T15:24:39.596000Z,2022-10-10T15:37:31.379000Z,2022-10-10T16:21:30.749000,2022-10-10T15:37:31.744908Z,772,24A88432,878,24,95,64,Male,White,United Kingdom,United Kingdom,United Kingdom,English,No,Full-Time
63443942c23a7aa42271ad23,5693f7d3e0c800000b59669f,APPROVED,2022-10-10T15:24:54.329000Z,2022-10-10T15:29:54.991000Z,2022-10-10T16:21:30.863000,2022-10-10T15:29:55.434819Z,301,24A88432,1237,13,98,74,Male,White,United Kingdom,United Kingdom,United Kingdom,English,No,DATA_EXPIRED
63443944f59952737166952f,5b64de377b7f8600011305fa,APPROVED,2022-10-10T15:25:06.614000Z,2022-10-10T15:32:11.112000Z,2022-10-10T16:21:30.979000,2022-10-10T15:32:12.161692Z,425,24A88432,821,0,100,32,Male,White,Ireland,Ireland,Ireland,English,No,Full-Time
63443948ecf01d9fa7b89984,6150792b260ce6cdd47941c9,APPROVED,2022-10-10T15:24:58.871000Z,2022-10-10T15:29:39.347000Z,2022-10-10T16:21:31.093000,2022-10-10T15:29:39.767876Z,281,24A88432,636,4,100,51,Male,White,United Kingdom,United Kingdom,United Kingdom,English,No,Full-Time
6344394ad06ce550822323b7,5f54c0a38bb76c834ad45653,APPROVED,2022-10-10T15:25:04.352000Z,2022-10-10T15:33:38.444000Z,2022-10-10T16:21:31.208000,2022-10-10T15:33:38.963849Z,515,24A88432,203,1,100,21,Male,White,Poland,Poland,Poland,English,No,Unemployed (and job seeking)
6344394dad1597d2a760a825,5ffd802005f02b2b5370277f,APPROVED,2022-10-10T15:26:07.448000Z,2022-10-10T15:32:01.625000Z,2022-10-10T16:21:31.329000,2022-10-10T15:32:03.508260Z,355,24A88432,429,3,99,34,Male,White,United Kingdom,United Kingdom,United Kingdom,English,No,Full-Time
6344394ed081e9ba44179faa,594591f4bee3110001b1a4f1,APPROVED,2022-10-10T15:25:05.657000Z,2022-10-10T15:30:21.909000Z,2022-10-10T16:21:31.444000,2022-10-10T15:30:22.354718Z,317,24A88432,1641,6,100,62,Male,White,United Kingdom,United Kingdom,United Kingdom,English,No,"Not in paid work (e.g. homemaker', 'retired or disabled)"
63443951f599527371669531,5dfc2bdd77f86595eeaacdd1,APPROVED,2022-10-10T15:25:12.328000Z,2022-10-10T15:31:52.646000Z,2022-10-10T16:21:31.558000,2022-10-10T15:31:54.111786Z,401,24A88432,465,0,100,34,Male,White,Australia,Australia,Australia,English,No,Unemployed (and job seeking)
63443959164164f6de1d8c2e,5d6ad36076cca6001a66d89e,APPROVED,2022-10-10T15:33:12.275000Z,2022-10-10T15:40:09.387000Z,2022-10-10T16:21:31.675000,2022-10-10T15:40:09.755922Z,418,24A88432,903,2,100,48,Male,White,United Kingdom,United Kingdom,United Kingdom,English,DATA_EXPIRED,DATA_EXPIRED
63443961933663a8fe2d12f6,577bfad9d8e8880001b31280,APPROVED,2022-10-10T15:25:25.167000Z,2022-10-10T15:31:23.947000Z,2022-10-10T16:21:31.791000,2022-10-10T15:31:24.564201Z,359,24A88432,619,6,99,68,Male,White,United Kingdom,United Kingdom,United Kingdom,English,No,"Not in paid work (e.g. homemaker', 'retired or disabled)"
634439624d3c1857ed8b8592,6073ef4aa2110f1236736c6d,APPROVED,2022-10-10T15:25:27.968000Z,2022-10-10T15:34:52.143000Z,2022-10-10T16:21:31.915000,2022-10-10T15:34:52.613495Z,565,24A88432,211,6,96,29,Male,Black,South Africa,South Africa,South Africa,English,Yes,Unemployed (and job seeking)
6344396ba80b2d5a23386fb9,600701b8ea617912572d9ccd,APPROVED,2022-10-10T15:25:36.846000Z,2022-10-10T15:31:24.907000Z,2022-10-10T16:21:32.026000,2022-10-10T15:31:25.305002Z,349,24A88432,212,2,100,31,Male,Black,Ireland,Ireland,Ireland,English,No,Full-Time
6344396f87c5e3907f00ec75,5886dd2d2ef66f0001df36b0,APPROVED,2022-10-10T15:25:39.266000Z,2022-10-10T15:30:55.675000Z,2022-10-10T16:21:32.143000,2022-10-10T15:30:56.292658Z,317,24A88432,1391,23,96,47,Male,White,United Kingdom,United Kingdom,United Kingdom,English,DATA_EXPIRED,Unemployed (and job seeking)
63443984f1ff25a271a0ba11,5b4b0e8d94020800016323ed,APPROVED,2022-10-10T15:25:56.687000Z,2022-10-10T15:32:08.826000Z,2022-10-10T16:21:32.257000,2022-10-10T15:32:09.709821Z,373,24A88432,1532,1,100,40,Male,Mixed,United Kingdom,United Kingdom,United Kingdom,English,No,Full-Time
63443985c01dacdb56871708,5c980d0ecff9b20016cae76f,APPROVED,2022-10-10T15:25:57.274000Z,2022-10-10T15:35:47.365000Z,2022-10-10T16:21:32.372000,2022-10-10T15:35:47.875089Z,591,24A88432,1178,17,96,42,Male,White,United Kingdom,United Kingdom,United Kingdom,English,DATA_EXPIRED,DATA_EXPIRED
634439860ad20b37f9386fe3,5c546c0cb7cf140001d331b8,APPROVED,2022-10-10T15:26:01.961000Z,2022-10-10T15:31:52.076000Z,2022-10-10T16:21:32.480000,2022-10-10T15:31:53.259835Z,351,24A88432,1222,9,99,55,Male,White,United Kingdom,United Kingdom,United Kingdom,English,No,DATA_EXPIRED
63443989d247e3ca84e4c951,5ea1e37fc066eb0d36edb649,APPROVED,2022-10-10T15:26:04.833000Z,2022-10-10T15:31:10.133000Z,2022-10-10T16:21:32.590000,2022-10-10T15:31:11.085687Z,306,24A88432,905,2,100,66,Male,White,United Kingdom,United Kingdom,United Kingdom,English,No,"Not in paid work (e.g. homemaker', 'retired or disabled)"
6344398e4d3c1857ed8b8599,5847e40d6cca010001fe2d64,APPROVED,2022-10-10T15:26:14.002000Z,2022-10-10T15:33:13.465000Z,2022-10-10T16:21:32.705000,2022-10-10T15:33:13.886804Z,420,24A88432,1587,7,100,58,Male,White,United Kingdom,United Kingdom,United Kingdom,English,No,Full-Time
634439931db81d13d7a228a1,5e7de19084be86013c19c6c9,APPROVED,2022-10-10T15:26:13.206000Z,2022-10-10T15:31:05.217000Z,2022-10-10T16:21:32.821000,2022-10-10T15:31:05.712003Z,293,24A88432,954,5,99,52,Male,White,United Kingdom,United Kingdom,United Kingdom,English,DATA_EXPIRED,DATA_EXPIRED
6344399b3f312da8cc977096,5e2bb8c465b67d2001936784,APPROVED,2022-10-10T15:26:22.466000Z,2022-10-10T15:31:35.119000Z,2022-10-10T16:21:32.941000,2022-10-10T15:31:38.097542Z,313,24A88432,309,2,100,24,Male,White,Australia,Australia,Australia,English,No,Unemployed (and job seeking)
6344399c2d6d9835e9dac36a,615715bd0896b2b00d1f38de,APPROVED,2022-10-10T15:26:26.014000Z,2022-10-10T15:31:40.572000Z,2022-10-10T16:21:33.058000,2022-10-10T15:31:42.762654Z,315,24A88432,394,9,96,53,Male,White,United Kingdom,United Kingdom,United Kingdom,English,No,Full-Time
634439a4857244b1c7450476,5ffd80c185e28327669b51f5,APPROVED,2022-10-10T15:26:33.088000Z,2022-10-10T15:33:30.709000Z,2022-10-10T16:21:33.176000,2022-10-10T15:33:31.110778Z,418,24A88432,254,4,99,26,Male,Black,South Africa,South Africa,South Africa,English,No,Full-Time
634439ab8b42eae91b1fffaa,60f09a6d53cae34a8ac00838,APPROVED,2022-10-10T15:26:40.319000Z,2022-10-10T15:35:54.327000Z,2022-10-10T16:21:33.294000,2022-10-10T15:35:54.803739Z,555,24A88432,593,4,100,65,Male,White,United Kingdom,United Kingdom,United Kingdom,English,No,"Not in paid work (e.g. homemaker', 'retired or disabled)"
634439c3857244b1c7450479,577bef95908f1d0001c392ef,APPROVED,2022-10-10T15:26:59.881000Z,2022-10-10T15:32:10.102000Z,2022-10-10T16:21:33.401000,2022-10-10T15:32:10.542000Z,311,24A88432,432,11,95,34,Male,White,United Kingdom,United Kingdom,United Kingdom,English,DATA_EXPIRED,DATA_EXPIRED
634439c9ad1597d2a760a838,5e972ac569be230840974427,APPROVED,2022-10-10T15:27:08.308000Z,2022-10-10T15:34:06.343000Z,2022-10-10T16:21:33.514000,2022-10-10T15:34:06.721323Z,419,24A88432,713,8,98,61,Male,White,United Kingdom,United Kingdom,United Kingdom,English,No,Full-Time
634439cd87c5e3907f00ec7d,59bb884a3c45a10001ccc4f7,APPROVED,2022-10-10T15:27:09.619000Z,2022-10-10T15:44:27.715000Z,2022-10-10T16:21:33.629000,2022-10-10T15:44:28.072543Z,1039,24A88432,1391,23,97,42,Male,Asian,United Kingdom,United Kingdom,United Kingdom,English,DATA_EXPIRED,DATA_EXPIRED
634439d427a0b712a75c5475,60d1a0e2551b5660575cdd64,APPROVED,2022-10-10T15:27:16.436000Z,2022-10-10T15:36:05.308000Z,2022-10-10T16:21:33.744000,2022-10-10T15:36:06.561219Z,529,24A88432,275,1,100,50,Male,White,United Kingdom,Spain,United Kingdom,English,No,Full-Time
634439dbd36d0ad535dac3e2,615cbdbb3af3ad95e2f9ef73,APPROVED,2022-10-10T15:28:30.857000Z,2022-10-10T15:35:02.465000Z,2022-10-10T16:21:33.858000,2022-10-10T15:35:02.989886Z,392,24A88432,493,0,100,39,Male,White,United Kingdom,United Kingdom,United Kingdom,English,No,Full-Time
634439ecd247e3ca84e4c95a,5da74e9437d4210016492810,APPROVED,2022-10-10T15:28:23.775000Z,2022-10-10T15:39:08.904000Z,2022-10-10T16:21:33.977000,2022-10-10T15:39:09.344350Z,646,24A88432,438,2,100,52,Male,White,Canada,Canada,Canada,English,No,Other
63443a383283b7455610b1cd,62a10543a46c88bd62583da4,APPROVED,2022-10-10T15:29:02.816000Z,2022-10-10T15:36:26.663000Z,2022-10-10T16:21:34.098000,2022-10-10T15:36:27.440688Z,444,24A88432,63,0,100,24,Male,White,United Kingdom,United Kingdom,United Kingdom,English,DATA_EXPIRED,DATA_EXPIRED
63443b16d081e9ba44179fea,5d614557fb93530016803b43,APPROVED,2022-10-10T15:32:42.347000Z,2022-10-10T15:38:13.622000Z,2022-10-10T16:21:34.217000,2022-10-10T15:38:14.137245Z,332,24A88432,418,7,98,28,Male,White,United Kingdom,United Kingdom,United Kingdom,English,No,DATA_EXPIRED
63443c0dbec47379df00e460,5ec96e3609117f0a67231842,APPROVED,2022-10-10T15:37:45.574000Z,2022-10-10T15:45:51.041000Z,2022-10-10T16:21:34.337000,2022-10-10T15:45:51.475081Z,486,NOCODE,919,0,100,51,Male,White,Ireland,Ireland,Ireland,English,No,Full-Time
63443c371b929df171871738,5d959fdf9cf6ab001982afee,APPROVED,2022-10-10T15:37:30.114000Z,2022-10-10T15:42:12.165000Z,2022-10-10T16:21:34.470000,2022-10-10T15:42:12.620562Z,283,24A88432,1498,8,99,38,Male,White,United Kingdom,United Kingdom,United Kingdom,English,No,Full-Time
63443dc6cb6e8a37fd1d8c2e,5cf806142780ca001a9d5cee,APPROVED,2022-10-10T15:44:06.018000Z,2022-10-10T15:50:01.866000Z,2022-10-10T16:21:48.669000,2022-10-10T15:50:02.619131Z,356,24A88432,1378,0,100,55,Female,White,United Kingdom,United Kingdom,United Kingdom,English,No,Part-Time
6344419486d231c11bef8744,59d4fac0d1ab390001da2e46,APPROVED,2022-10-10T16:04:38.888000Z,2022-10-10T16:09:33.840000Z,2022-10-10T16:21:48.778000,2022-10-10T16:09:34.356750Z,295,24A88432,732,7,99,35,Female,White,United Kingdom,United Kingdom,United Kingdom,English,No,Part-Time
6344419632f6f8a0f472925b,5f516d96bf6cde3b04b94b69,APPROVED,2022-10-10T16:00:22.834000Z,2022-10-10T16:09:31.155000Z,2022-10-10T16:21:34.602000,2022-10-10T16:09:31.637560Z,549,24A88432,580,4,99,31,Male,White,Canada,Canada,Canada,English,No,Full-Time
634441cc0f42f415029770b5,5eb59589076e4745250148ed,APPROVED,2022-10-10T16:01:21.416000Z,2022-10-10T16:10:10.379000Z,2022-10-10T16:21:34.719000,2022-10-10T16:10:11.065755Z,529,24A88432,895,10,98,55,Male,White,Israel,United Kingdom,United Kingdom,English,DATA_EXPIRED,DATA_EXPIRED
